empId,passengerId,testDate,testTime,testResult
M1,108-80-6653,2020-03-17,11:14:14,negative
M2,103-68-7587,2020-03-17,7:01:01,negative
M3,714-32-4803,2020-03-17,8:30:33,negative
M4,301-66-9038,2020-03-17,7:38:52,negative
M5,494-02-0084,2020-03-17,5:12:02,positive
M6,587-86-4143,2020-03-17,5:03:13,positive
M7,872-76-1880,2020-03-17,17:05:41,negative
M8,505-88-4215,2020-03-17,5:22:28,negative
M9,157-30-7732,2020-03-17,13:31:34,positive
M10,635-75-0697,2020-03-17,22:22:11,negative
M1,834-96-3329,2020-03-17,8:52:42,negative
M2,784-51-5100,2020-03-17,16:22:22,positive
M3,805-81-3309,2020-03-17,8:22:29,negative
M4,400-42-9057,2020-03-17,23:43:03,negative
M5,557-18-3122,2020-03-17,17:31:23,positive
M6,829-53-8467,2020-03-17,13:27:53,positive
M7,512-08-2987,2020-03-17,11:59:04,negative
M8,507-23-6788,2020-03-17,13:37:45,negative
M9,801-44-4982,2020-03-17,10:25:46,positive
M10,185-75-0740,2020-03-17,22:36:14,positive
M1,706-90-7602,2020-03-17,6:40:39,negative
M2,357-93-4550,2020-03-17,2:17:59,negative
M3,716-01-5148,2020-03-17,13:29:03,negative
M4,322-45-3204,2020-03-17,22:28:20,positive
M5,175-06-6230,2020-03-17,4:37:44,positive
M6,538-05-6625,2020-03-17,7:03:38,negative
M7,371-33-3753,2020-03-17,6:29:54,negative
M8,158-86-7747,2020-03-17,2:55:15,positive
M9,486-76-7494,2020-03-17,12:10:49,positive
M10,820-02-5115,2020-03-17,15:26:17,positive
M1,886-50-9583,2020-03-17,12:42:47,positive
M2,222-25-5951,2020-03-17,2:40:03,positive
M3,819-59-8381,2020-03-17,4:43:00,negative
M4,807-05-4341,2020-03-17,21:11:48,negative
M5,831-40-8930,2020-03-17,11:18:16,negative
M6,683-27-6365,2020-03-17,14:18:14,negative
M7,392-65-3641,2020-03-17,4:38:05,negative
M8,816-51-0064,2020-03-17,0:54:56,negative
M9,271-13-4837,2020-03-17,13:26:44,negative
M10,614-39-7686,2020-03-17,12:15:51,positive
M1,222-67-7316,2020-03-17,15:33:03,positive
M2,817-30-3274,2020-03-17,20:37:17,positive
M3,604-58-8829,2020-03-17,4:08:33,positive
M4,218-62-9150,2020-03-17,21:57:02,negative
M5,736-13-5518,2020-03-17,15:36:28,negative
M6,171-82-6467,2020-03-17,15:39:13,positive
M7,740-63-6650,2020-03-17,0:20:49,positive
M8,781-40-4220,2020-03-17,12:03:39,negative
M9,190-67-5469,2020-03-17,17:05:53,negative
M10,859-53-1824,2020-03-17,6:53:53,positive
M1,564-87-1657,2020-03-17,3:49:51,negative
M2,662-97-2896,2020-03-17,23:15:15,negative
M3,349-45-4251,2020-03-17,2:25:04,positive
M4,135-01-9524,2020-03-17,22:25:22,negative
M5,518-98-7653,2020-03-17,18:51:19,negative
M6,436-42-0351,2020-03-17,14:57:54,positive
M7,379-52-5920,2020-03-17,2:53:36,negative
M8,750-93-9352,2020-03-17,14:46:26,positive
M9,892-11-8930,2020-03-17,2:34:15,positive
M10,245-43-0234,2020-03-17,21:02:12,positive
M1,893-83-3853,2020-03-17,5:01:29,positive
M2,123-66-6035,2020-03-17,14:29:02,positive
M3,797-32-1058,2020-03-17,22:38:30,positive
M4,418-11-5469,2020-03-17,14:03:16,negative
M5,177-32-7733,2020-03-17,18:53:27,positive
M6,781-16-1604,2020-03-17,0:41:29,negative
M7,656-30-1906,2020-03-17,22:05:01,positive
M8,819-82-4278,2020-03-17,11:18:10,negative
M9,779-99-4773,2020-03-17,9:49:20,negative
M10,515-61-3225,2020-03-17,23:46:38,positive
M1,565-52-0291,2020-03-17,18:36:48,positive
M2,371-05-7084,2020-03-17,8:31:33,positive
M3,758-63-2260,2020-03-17,13:33:46,positive
M4,794-43-0437,2020-03-17,3:10:15,negative
M5,585-64-5266,2020-03-17,21:43:47,positive
M6,403-79-4759,2020-03-17,11:56:20,positive
M7,434-14-1387,2020-03-17,8:12:23,positive
M8,436-44-1931,2020-03-17,2:00:42,negative
M9,318-03-9396,2020-03-17,5:12:26,negative
M10,667-33-4458,2020-03-17,20:21:03,positive
M1,302-33-4306,2020-03-17,11:12:01,negative
M2,194-84-7389,2020-03-17,2:56:31,negative
M3,341-86-0960,2020-03-17,2:42:53,positive
M4,455-45-8609,2020-03-17,11:24:37,positive
M5,141-92-3014,2020-03-17,3:04:44,negative
M6,580-89-4161,2020-03-17,12:29:41,negative
M7,107-48-6596,2020-03-17,16:50:30,positive
M8,897-01-2511,2020-03-17,20:34:17,positive
M9,746-49-8285,2020-03-17,10:06:37,positive
M10,485-90-1726,2020-03-17,15:25:56,negative
M1,863-80-6261,2020-03-17,5:45:03,negative
M2,194-41-8422,2020-03-17,14:25:39,negative
M3,504-27-4014,2020-03-17,8:57:16,positive
M4,645-08-7702,2020-03-17,19:55:23,negative
M5,534-58-2592,2020-03-17,2:50:51,negative
M6,178-79-9628,2020-03-17,3:38:56,negative
M7,707-83-8199,2020-03-17,20:02:09,negative
M8,627-78-9611,2020-03-17,10:31:06,positive
M9,877-67-2008,2020-03-17,16:46:14,positive
M10,756-66-8231,2020-03-17,15:37:43,positive
M1,459-25-4677,2020-03-17,22:32:45,negative
M2,808-91-2831,2020-03-17,21:59:29,positive
M3,435-63-2219,2020-03-17,15:21:17,negative
M4,717-22-2133,2020-03-17,3:49:02,positive
M5,430-13-9051,2020-03-17,5:45:58,negative
M6,100-30-9675,2020-03-17,2:06:18,positive
M7,650-07-5603,2020-03-17,10:42:16,negative
M8,640-87-8649,2020-03-17,1:15:23,positive
M9,332-68-4888,2020-03-17,14:24:52,negative
M10,653-05-5629,2020-03-17,6:50:37,negative
M1,423-20-7647,2020-03-17,22:47:29,negative
M2,711-82-0974,2020-03-17,20:48:22,positive
M3,784-18-0134,2020-03-17,1:55:24,positive
M4,172-43-9067,2020-03-17,11:30:21,negative
M5,725-79-9398,2020-03-17,11:20:48,positive
M6,639-14-1259,2020-03-17,10:32:14,positive
M7,389-85-4534,2020-03-17,18:11:01,negative
M8,709-21-6440,2020-03-17,8:10:57,negative
M9,665-63-3378,2020-03-17,20:21:10,negative
M10,555-53-5807,2020-03-17,9:28:18,negative
M1,404-15-1915,2020-03-17,4:26:04,positive
M2,168-84-0728,2020-03-17,21:04:28,positive
M3,834-06-9306,2020-03-17,2:54:47,negative
M4,754-41-4377,2020-03-17,10:21:54,positive
M1,397-20-4859,2020-03-17,20:10:44,negative
M2,104-04-2707,2020-03-17,23:35:12,positive
M3,537-91-9453,2020-03-17,1:55:45,negative
M4,713-71-2655,2020-03-17,10:27:40,negative
M5,429-04-2583,2020-03-17,5:30:12,positive
M6,383-26-0277,2020-03-17,8:10:06,positive
M7,107-10-3320,2020-03-17,17:29:29,negative
M8,719-36-2640,2020-03-17,16:32:41,positive
M1,445-19-2400,2020-03-17,7:35:26,negative
M2,539-92-3840,2020-03-17,6:03:53,negative
M1,589-70-1090,2020-03-17,7:26:10,positive
M2,441-66-4669,2020-03-17,21:20:42,positive
M3,322-08-0508,2020-03-17,12:15:18,negative
M4,719-01-6586,2020-03-17,0:48:42,positive
M5,630-18-8795,2020-03-17,19:46:34,positive
M6,817-89-5770,2020-03-17,7:23:10,negative
M7,443-31-9318,2020-03-17,6:01:50,positive
M8,264-64-7904,2020-03-17,4:39:21,positive
M1,497-97-9365,2020-03-17,21:39:35,positive
M2,749-73-9392,2020-03-17,14:55:42,positive
M3,798-51-0809,2020-03-17,23:16:17,positive
M4,466-31-9757,2020-03-17,1:06:02,negative
M5,157-47-8081,2020-03-17,11:21:47,positive
M6,136-16-4848,2020-03-17,0:06:41,negative
M7,413-03-4787,2020-03-17,4:46:28,positive
M1,692-10-8366,2020-03-17,13:22:17,negative
M2,358-23-6694,2020-03-17,5:22:50,negative
M3,342-35-6452,2020-03-17,13:13:50,negative
M1,416-28-1702,2020-03-17,7:38:16,positive
M2,720-38-5912,2020-03-17,22:36:05,positive
M3,595-71-4824,2020-03-17,17:06:47,positive
M4,557-38-0286,2020-03-17,17:42:00,negative
M5,187-60-1927,2020-03-17,21:42:52,positive
M6,451-31-1208,2020-03-17,19:56:16,negative
M7,898-30-2226,2020-03-17,4:06:13,negative
M8,875-86-9664,2020-03-17,14:10:23,positive
M9,224-28-9515,2020-03-17,3:54:15,negative
M10,512-39-3747,2020-03-17,15:19:03,negative
M1,406-43-8118,2020-03-17,21:50:06,negative
M2,190-30-6857,2020-03-17,19:36:45,positive
M3,649-06-0547,2020-03-17,12:32:56,negative
M4,144-82-7573,2020-03-17,12:36:20,negative
M5,304-88-9052,2020-03-17,17:46:02,negative
M1,676-10-3196,2020-03-17,19:01:31,negative
M2,486-76-0160,2020-03-17,1:56:05,negative
M3,377-98-0359,2020-03-17,21:34:06,negative
M4,849-20-1926,2020-03-17,11:30:14,positive
M5,407-52-5466,2020-03-17,17:03:34,positive
M6,418-65-8672,2020-03-17,11:08:44,positive
M1,843-10-5373,2020-03-17,20:05:42,positive
M2,608-27-0002,2020-03-17,6:04:20,negative
M1,423-02-0046,2020-03-17,11:03:06,negative
M2,895-62-0290,2020-03-17,2:19:36,positive
M3,361-55-1524,2020-03-17,5:51:52,positive
M4,222-39-2285,2020-03-17,3:00:03,positive
M5,290-16-6819,2020-03-17,7:47:27,positive
M6,737-55-5579,2020-03-17,21:08:03,negative
M7,347-54-2119,2020-03-17,5:02:28,negative
M8,878-47-1486,2020-03-17,7:57:05,positive
M9,648-76-1548,2020-03-17,1:57:30,negative
M10,258-69-3099,2020-03-17,17:30:26,positive
M1,429-25-2582,2020-03-17,14:09:53,negative
M2,525-60-6805,2020-03-17,3:10:53,positive
M3,748-77-9685,2020-03-17,2:41:57,negative
M4,352-90-6549,2020-03-17,4:00:30,positive
M5,275-33-0780,2020-03-17,15:21:00,positive
M6,216-96-5863,2020-03-17,9:38:40,positive
M7,701-11-1646,2020-03-17,1:02:29,negative
M8,541-40-4423,2020-03-17,15:13:17,negative
M9,677-62-6979,2020-03-17,9:30:38,negative
M1,679-30-7694,2020-03-17,2:52:24,positive
M1,585-71-0252,2020-03-17,10:00:54,positive
M2,388-99-9108,2020-03-17,10:00:53,negative
M3,234-90-1217,2020-03-17,7:05:54,positive
M1,869-99-2555,2020-03-17,23:22:18,positive
M2,823-38-0747,2020-03-17,11:14:26,negative
M3,672-02-2430,2020-03-17,15:41:14,positive
M4,425-61-3447,2020-03-17,9:33:49,positive
M5,752-30-4427,2020-03-17,1:25:22,positive
M6,209-29-1908,2020-03-17,15:02:41,positive
M1,517-98-3689,2020-03-17,18:36:52,positive
M2,198-38-2443,2020-03-17,12:53:21,negative
M3,362-08-1438,2020-03-17,8:01:29,positive
M4,220-31-5578,2020-03-17,21:40:46,positive
M5,234-31-8470,2020-03-17,3:09:07,negative
M6,704-27-7781,2020-03-17,5:48:16,positive
M7,341-29-8117,2020-03-17,4:31:29,negative
M8,396-44-7774,2020-03-17,5:20:57,negative
M9,792-45-9811,2020-03-17,18:57:39,positive
M10,251-51-5389,2020-03-17,14:17:25,positive
M1,225-02-9302,2020-03-17,14:11:09,positive
M2,791-32-6929,2020-03-17,15:45:35,negative
M3,131-75-0345,2020-03-17,3:00:00,negative
M4,285-83-9966,2020-03-17,10:17:52,negative
M5,393-20-2331,2020-03-17,20:38:54,positive
M6,170-88-7015,2020-03-17,2:18:08,positive
M7,416-51-2119,2020-03-17,18:01:58,negative
M8,364-43-0266,2020-03-17,20:35:59,negative
M9,869-72-9651,2020-03-17,13:09:44,positive
M10,226-97-5641,2020-03-17,2:06:58,negative
M1,645-41-6338,2020-03-17,4:04:20,positive
M2,897-40-8979,2020-03-17,0:02:48,positive
M3,792-01-7609,2020-03-17,13:25:20,negative
M4,207-72-2490,2020-03-17,16:27:12,positive
M5,296-06-8859,2020-03-17,17:33:42,negative
M6,226-80-4300,2020-03-17,14:58:26,negative
M7,539-90-1120,2020-03-17,22:52:37,positive
M8,483-89-7267,2020-03-17,22:13:49,positive
M9,201-31-4853,2020-03-17,6:36:36,positive
M10,616-61-7569,2020-03-17,0:44:53,negative
M1,655-04-2632,2020-03-17,20:08:56,negative
M2,769-13-3810,2020-03-17,9:05:59,positive
M3,575-65-2767,2020-03-17,8:47:54,positive
M4,422-15-3650,2020-03-17,8:10:55,negative
M5,879-94-6620,2020-03-17,10:57:57,negative
M1,220-99-8528,2020-03-17,6:24:09,positive
M2,118-63-5349,2020-03-17,22:02:09,negative
M3,392-42-7270,2020-03-17,20:16:31,negative
M4,227-30-7720,2020-03-17,3:42:01,negative
M5,134-05-5918,2020-03-17,5:37:18,positive
M6,896-68-3070,2020-03-17,8:09:47,positive
M7,802-03-1030,2020-03-17,7:01:56,negative
M8,842-47-2393,2020-03-17,0:37:00,positive
M9,577-72-2052,2020-03-17,10:10:43,negative
M10,207-94-8333,2020-03-17,3:52:49,positive
M1,324-50-2400,2020-03-17,2:24:36,positive
M2,143-99-8736,2020-03-17,16:27:56,negative
M3,123-84-8926,2020-03-17,15:08:59,negative
M4,507-38-3004,2020-03-17,12:39:30,negative
M5,820-79-3560,2020-03-17,11:11:29,negative
M6,293-35-6297,2020-03-17,10:53:25,negative
M7,298-05-3802,2020-03-17,13:52:43,negative
M8,415-88-3711,2020-03-17,5:02:21,positive
M9,112-58-8308,2020-03-17,23:49:45,negative
M10,659-71-4493,2020-03-17,2:23:13,negative
M1,337-15-0366,2020-03-17,0:17:11,negative
M2,601-86-1015,2020-03-17,20:11:04,negative
M3,208-98-7185,2020-03-17,0:03:20,positive
M4,790-97-6709,2020-03-17,15:42:50,negative
M5,179-59-3882,2020-03-17,20:50:54,positive
M6,708-43-1559,2020-03-17,1:31:30,positive
M7,446-92-1244,2020-03-17,0:18:33,negative
M8,811-88-3745,2020-03-17,17:50:26,positive
M9,887-68-8428,2020-03-17,13:31:37,negative
M10,844-51-1629,2020-03-17,16:02:25,negative
M1,342-16-8531,2020-03-17,13:56:51,positive
M2,326-99-9078,2020-03-17,23:31:19,positive
M3,630-70-0044,2020-03-17,20:14:17,positive
M4,111-86-7400,2020-03-17,7:46:44,positive
M5,422-59-9757,2020-03-17,7:18:53,positive
M6,627-72-2229,2020-03-17,1:46:00,positive
M7,239-30-8375,2020-03-17,3:49:43,negative
M8,630-27-0211,2020-03-17,15:40:43,positive
M9,740-74-1683,2020-03-17,22:37:16,positive
M10,542-04-7627,2020-03-17,15:19:02,negative
M1,560-02-2052,2020-03-17,6:30:31,positive
M2,672-10-2385,2020-03-17,10:30:25,negative
M3,874-81-8487,2020-03-17,21:50:07,positive
M4,884-53-1398,2020-03-17,11:08:14,positive
M5,522-09-6285,2020-03-17,23:42:10,positive
M6,362-63-1714,2020-03-17,11:07:30,positive
M7,586-51-7001,2020-03-17,14:20:05,negative
M8,550-18-4505,2020-03-17,20:52:00,positive
M9,710-53-4211,2020-03-17,13:27:35,positive
M10,183-32-7348,2020-03-17,23:31:51,negative
M1,751-18-0600,2020-03-17,20:36:04,positive
M2,310-31-7843,2020-03-17,2:08:09,negative
M3,563-07-8808,2020-03-17,16:33:02,negative
M4,886-78-0750,2020-03-17,2:38:46,negative
M5,326-17-9658,2020-03-17,22:36:11,positive
M6,549-47-7635,2020-03-17,9:32:58,positive
M7,600-77-1534,2020-03-17,10:02:31,positive
M8,503-52-0578,2020-03-17,11:49:51,negative
M9,301-61-8219,2020-03-17,1:19:01,positive
M10,664-59-1173,2020-03-17,11:58:19,positive
M1,293-91-5133,2020-03-17,0:40:11,positive
M2,745-03-0922,2020-03-17,3:21:04,positive
M3,740-89-4402,2020-03-17,22:54:43,positive
M4,557-75-1855,2020-03-17,22:03:34,positive
M5,361-49-3219,2020-03-17,9:18:49,positive
M6,319-36-5084,2020-03-17,12:26:47,negative
M7,343-38-9684,2020-03-17,5:30:46,negative
M8,867-39-6880,2020-03-17,14:11:30,positive
M9,393-60-8574,2020-03-17,7:10:42,positive
M10,506-17-4648,2020-03-17,2:13:26,positive
M1,493-51-8756,2020-03-17,8:43:34,positive
M2,708-58-3471,2020-03-17,17:06:41,negative
M3,497-14-1191,2020-03-17,4:53:51,positive
M4,248-54-4315,2020-03-17,9:22:07,positive
M5,392-48-3213,2020-03-17,23:23:46,positive
M6,230-91-7175,2020-03-17,19:34:06,positive
M7,753-41-6243,2020-03-17,12:13:13,positive
M8,418-46-5391,2020-03-17,3:32:38,positive
M9,272-84-6367,2020-03-17,9:01:50,negative
M10,264-39-7488,2020-03-17,3:34:45,positive
M1,158-32-2089,2020-03-17,20:32:17,negative
M2,262-60-1429,2020-03-17,11:17:07,positive
M3,387-16-7364,2020-03-17,22:14:52,negative
M4,150-28-0696,2020-03-17,16:09:34,negative
M5,761-68-5861,2020-03-17,12:28:02,negative
M6,376-81-9031,2020-03-17,8:37:29,positive
M7,151-90-2827,2020-03-17,0:01:37,negative
M8,265-88-6316,2020-03-17,0:00:06,negative
M9,848-57-0644,2020-03-17,21:54:52,negative
M10,743-69-5728,2020-03-17,4:23:32,negative
M1,355-38-8834,2020-03-17,18:39:22,negative
M2,300-74-2230,2020-03-17,5:00:24,positive
M3,510-92-9589,2020-03-17,9:02:03,positive
M4,732-35-6461,2020-03-17,1:42:57,positive
M5,298-20-7448,2020-03-17,13:39:59,positive
M6,329-40-2301,2020-03-17,21:20:35,negative
M7,786-56-1542,2020-03-17,18:18:55,negative
M8,894-47-4970,2020-03-17,2:03:06,negative
M9,881-65-4055,2020-03-17,20:21:26,negative
M10,738-39-4343,2020-03-17,15:09:02,positive
M1,276-66-0705,2020-03-17,15:56:46,positive
M2,185-10-8712,2020-03-17,1:08:36,positive
M3,397-78-1736,2020-03-17,16:21:26,positive
M4,162-63-1147,2020-03-17,16:14:49,positive
M5,494-60-5634,2020-03-17,18:46:25,negative
M6,447-47-7102,2020-03-17,3:26:06,negative
M7,433-96-2491,2020-03-17,13:36:13,positive
M8,411-79-2708,2020-03-17,10:12:35,negative
M9,142-45-4364,2020-03-17,20:47:30,positive
M10,433-41-8975,2020-03-17,20:10:38,positive
M1,848-18-4235,2020-03-17,15:21:11,negative
M2,849-29-1409,2020-03-17,1:55:17,negative
M3,893-81-4416,2020-03-17,19:12:21,negative
M4,799-23-1021,2020-03-17,22:07:14,positive
M5,865-04-9101,2020-03-17,11:53:03,negative
M6,871-01-6834,2020-03-17,6:16:09,negative
M7,237-08-4054,2020-03-17,17:40:32,negative
M8,198-36-8718,2020-03-17,19:59:21,negative
M9,528-69-6043,2020-03-17,2:31:27,positive
M10,821-80-5156,2020-03-17,7:06:16,negative
M1,671-47-0058,2020-03-17,15:50:01,negative
M2,624-30-9677,2020-03-17,8:12:12,positive
M3,789-88-8394,2020-03-17,15:18:12,positive
M4,109-79-5810,2020-03-17,13:33:29,negative
M5,366-76-6806,2020-03-17,22:34:35,negative
M6,851-12-7105,2020-03-17,11:20:14,negative
M7,356-03-3192,2020-03-17,20:05:36,positive
M8,744-51-1704,2020-03-17,16:34:59,negative
M9,742-28-0162,2020-03-17,9:04:43,positive
M10,473-39-4149,2020-03-17,7:14:17,positive
M1,133-82-5525,2020-03-17,20:28:13,negative
M2,311-30-3528,2020-03-17,0:31:03,positive
M3,507-59-0248,2020-03-17,17:25:11,positive
M4,654-98-3843,2020-03-17,21:23:38,positive
M5,810-42-5019,2020-03-17,21:36:11,positive
M6,730-65-9462,2020-03-17,23:55:10,negative
M7,163-59-4874,2020-03-17,12:46:17,positive
M8,782-49-3575,2020-03-17,18:28:38,negative
M9,441-67-7367,2020-03-17,16:50:16,negative
M10,210-42-8295,2020-03-17,9:59:08,negative
M1,475-69-1858,2020-03-17,2:55:01,positive
M2,531-22-0992,2020-03-17,2:53:06,negative
M3,641-69-0321,2020-03-17,15:44:06,negative
M4,340-07-0097,2020-03-17,18:15:29,negative
M5,833-96-0460,2020-03-17,13:20:33,positive
M6,646-03-5103,2020-03-17,18:59:13,negative
M7,777-89-4985,2020-03-17,15:34:45,negative
M8,643-50-6277,2020-03-17,12:24:37,positive
M9,533-47-1358,2020-03-17,8:07:52,positive
M10,590-02-6737,2020-03-17,2:02:02,negative
M1,841-78-5706,2020-03-17,18:41:31,negative
M2,463-25-3945,2020-03-17,0:30:18,negative
M3,266-01-0983,2020-03-17,5:07:22,negative
M4,328-62-8311,2020-03-17,2:18:34,positive
M5,103-58-4566,2020-03-17,20:34:46,negative
M6,815-18-1506,2020-03-17,2:22:51,negative
M7,870-55-4563,2020-03-17,7:54:35,negative
M8,236-23-0825,2020-03-17,0:13:52,positive
M9,753-97-8615,2020-03-17,10:37:57,positive
M10,499-43-6879,2020-03-17,12:58:35,positive
M1,191-54-2666,2020-03-17,23:12:06,positive
M2,458-65-6878,2020-03-17,12:45:10,positive
M3,242-38-2668,2020-03-17,1:31:35,negative
M4,130-74-3596,2020-03-17,15:54:41,negative
M5,805-74-4005,2020-03-17,5:01:26,negative
M6,450-88-8946,2020-03-17,4:06:26,negative
M7,319-12-8293,2020-03-17,6:17:44,negative
M8,477-17-4294,2020-03-17,4:07:28,negative
M9,518-64-3179,2020-03-17,8:39:46,negative
M10,594-01-6623,2020-03-17,9:14:12,positive
M1,347-07-1092,2020-03-17,20:59:20,positive
M2,246-30-1376,2020-03-17,15:34:29,negative
M3,720-04-5598,2020-03-17,5:38:07,positive
M4,855-74-0353,2020-03-17,13:49:10,positive
M5,382-63-8819,2020-03-17,2:20:50,positive
M6,310-19-5179,2020-03-17,23:55:05,positive
M7,699-06-2932,2020-03-17,1:20:39,positive
M8,709-38-3671,2020-03-17,7:41:21,positive
M9,356-95-8894,2020-03-17,0:05:24,positive
M10,780-18-1344,2020-03-17,3:06:02,negative
M1,234-33-7358,2020-03-17,2:51:59,positive
M2,193-72-7779,2020-03-17,3:43:40,negative
M3,109-90-6094,2020-03-17,17:32:21,negative
M4,816-04-1979,2020-03-17,21:30:11,negative
M5,885-52-2339,2020-03-17,20:12:13,negative
M5,552-32-3415,2020-03-17,23:49:51,positive
M6,716-75-9794,2020-03-17,0:26:39,positive
M7,279-27-2708,2020-03-17,10:36:57,negative
M8,523-05-6030,2020-03-17,6:55:30,negative
M9,532-23-3990,2020-03-17,13:28:58,negative
M10,899-35-4708,2020-03-17,20:54:38,positive
M2,436-93-5852,2020-03-17,23:15:25,negative
M3,401-73-6542,2020-03-17,19:44:56,negative
M4,621-40-2712,2020-03-17,15:01:51,positive
M5,153-45-6270,2020-03-17,23:07:55,positive
M6,363-41-5644,2020-03-17,22:08:25,positive
M7,823-27-1807,2020-03-17,8:24:54,positive
M8,602-42-0939,2020-03-17,1:09:32,negative
M9,823-96-2225,2020-03-17,0:15:27,negative
M10,409-13-0404,2020-03-17,13:43:40,positive
M1,811-68-2977,2020-03-17,20:56:38,negative
M2,553-76-2713,2020-03-17,5:12:56,negative
M3,808-52-1135,2020-03-17,4:27:06,negative
M4,496-16-8769,2020-03-17,9:29:51,negative
M5,508-29-3632,2020-03-17,6:54:16,negative
M6,630-93-6928,2020-03-17,8:56:19,negative
M7,557-95-7758,2020-03-17,11:04:18,positive
M8,111-51-2694,2020-03-17,14:02:02,positive
M9,318-90-2579,2020-03-17,23:58:53,negative
M10,124-81-5463,2020-03-17,14:30:43,negative
M1,194-26-4286,2020-03-17,6:36:35,negative
M2,328-36-8126,2020-03-17,13:12:31,positive
M3,812-53-9947,2020-03-17,1:13:13,negative
M4,510-26-5568,2020-03-17,19:20:50,negative
M5,529-30-7135,2020-03-17,16:44:15,positive
M6,340-43-6778,2020-03-17,6:25:26,negative
M7,735-53-3282,2020-03-17,23:53:50,positive
M8,138-48-7224,2020-03-17,13:29:45,negative
M9,589-15-1545,2020-03-17,14:53:27,positive
M10,730-45-4500,2020-03-17,20:34:55,negative
M1,484-16-5688,2020-03-17,4:11:13,positive
M2,864-69-6177,2020-03-17,5:26:51,negative
M3,473-12-8892,2020-03-17,23:39:39,negative
M4,616-26-7996,2020-03-17,11:35:25,positive
M5,772-01-9378,2020-03-17,9:52:44,positive
M6,284-29-7357,2020-03-17,22:05:21,positive
M5,636-51-7433,2020-03-17,18:56:32,positive
M6,791-60-4835,2020-03-17,9:11:46,negative
M7,335-26-1579,2020-03-17,14:02:19,positive
M8,604-55-3246,2020-03-17,9:57:40,negative
M9,481-33-8579,2020-03-17,17:10:11,negative
M10,386-94-6803,2020-03-17,15:51:44,negative
M3,678-87-8056,2020-03-17,20:27:45,negative
M4,103-42-2167,2020-03-17,19:26:38,positive
M5,264-62-2661,2020-03-17,14:15:20,positive
M6,213-14-5050,2020-03-17,2:53:04,positive
M7,175-46-7580,2020-03-17,9:27:26,positive
M8,417-37-2240,2020-03-17,20:19:21,negative
M9,180-38-7659,2020-03-17,17:34:08,negative
M10,110-43-5062,2020-03-17,22:21:02,positive
M1,433-73-4491,2020-03-17,7:18:35,negative
M2,314-29-6968,2020-03-17,8:43:11,negative
M3,664-66-8850,2020-03-17,13:12:00,negative
M4,758-05-5292,2020-03-17,4:39:35,negative
M5,257-42-2709,2020-03-17,8:58:58,positive
M6,835-61-5307,2020-03-17,4:57:00,positive
M7,312-34-0854,2020-03-17,23:01:33,negative
M8,863-90-2720,2020-03-17,18:27:59,positive
M9,657-76-7080,2020-03-17,11:10:23,negative
M10,563-50-9517,2020-03-17,7:07:15,positive
M1,773-87-8993,2020-03-17,17:26:09,negative
M2,233-12-2587,2020-03-17,15:35:46,positive
M3,234-80-9826,2020-03-17,17:32:21,positive
M4,331-37-3728,2020-03-17,9:39:55,negative
M5,101-03-8851,2020-03-17,4:54:36,positive
M6,432-71-7185,2020-03-17,19:29:09,negative
M5,176-71-8268,2020-03-17,2:47:22,negative
M6,520-98-2329,2020-03-17,23:42:15,negative
M7,800-05-9986,2020-03-17,16:13:57,positive
M8,196-81-9076,2020-03-17,23:23:36,positive
M9,180-82-5534,2020-03-17,17:59:26,positive
M10,463-42-7536,2020-03-17,14:22:49,positive
M3,191-90-1032,2020-03-17,4:55:20,negative
M4,435-80-0674,2020-03-17,8:33:09,positive
M5,652-67-7675,2020-03-17,3:18:47,negative
M6,778-76-4749,2020-03-17,19:36:22,positive
M7,345-32-2489,2020-03-17,22:32:23,negative
M8,150-36-5789,2020-03-17,5:36:53,negative
M9,345-78-7735,2020-03-17,19:13:48,positive
M10,811-28-8002,2020-03-17,6:42:12,negative
M1,774-32-7567,2020-03-17,18:51:55,negative
M2,466-12-7124,2020-03-17,8:10:47,positive
M3,692-01-0952,2020-03-17,8:57:02,positive
M4,194-13-2381,2020-03-17,11:00:16,positive
M5,239-96-8885,2020-03-17,3:26:55,negative
M6,306-91-2554,2020-03-17,9:19:06,positive
M7,159-28-8720,2020-03-17,5:40:05,negative
M8,428-13-8734,2020-03-17,12:26:30,positive
M9,142-36-6918,2020-03-17,6:18:04,negative
M10,454-10-4081,2020-03-17,0:49:15,negative
M5,329-84-1531,2020-03-17,15:00:32,negative
M6,330-84-1831,2020-03-17,15:06:23,positive
M7,110-11-6514,2020-03-17,19:42:34,positive
M8,162-34-7291,2020-03-17,7:07:56,positive
M9,199-88-7339,2020-03-17,0:03:42,negative
M10,507-11-5354,2020-03-17,13:05:52,positive
M7,305-85-0302,2020-03-17,6:31:12,negative
M8,461-02-7807,2020-03-17,23:01:04,positive
M9,411-84-4218,2020-03-17,15:01:33,negative
M10,718-57-1402,2020-03-17,23:06:48,positive
M1,342-35-5742,2020-03-17,2:20:07,negative
M2,178-95-9881,2020-03-17,4:06:56,negative
M3,616-14-2618,2020-03-17,22:09:57,negative
M4,811-29-9621,2020-03-17,13:25:47,negative
M5,838-68-3613,2020-03-17,10:24:55,positive
M6,677-85-0722,2020-03-17,14:22:11,positive
M7,843-30-0962,2020-03-17,3:35:02,positive
M8,752-06-7432,2020-03-17,23:34:17,negative
M9,749-07-4794,2020-03-17,12:08:00,negative
M10,358-45-9603,2020-03-17,9:37:26,negative
M1,458-31-0961,2020-03-17,9:19:58,positive
M2,277-68-2713,2020-03-17,12:21:47,negative
M3,468-38-1643,2020-03-17,11:45:44,negative
M4,108-45-2566,2020-03-17,22:13:28,positive
M5,193-41-8997,2020-03-17,13:42:29,negative
M6,508-41-4091,2020-03-17,0:00:26,positive
M7,497-10-5363,2020-03-17,18:37:31,negative
M8,550-33-5993,2020-03-17,16:24:22,positive
M9,285-49-5210,2020-03-17,2:42:06,negative
M10,884-55-8999,2020-03-17,16:33:27,negative
M1,665-09-4988,2020-03-17,3:02:38,positive
M2,219-10-5790,2020-03-17,0:38:55,negative
M5,498-16-6067,2020-03-17,16:11:48,positive
M6,583-29-8034,2020-03-17,3:45:29,positive
M7,440-49-1988,2020-03-17,19:10:54,negative
M8,753-30-1246,2020-03-17,6:49:36,positive
M9,884-57-2739,2020-03-17,21:50:13,positive
M10,188-36-2369,2020-03-17,19:06:24,positive
M9,319-78-7153,2020-03-17,14:33:25,negative
M10,480-85-9936,2020-03-17,15:02:31,positive
M1,690-89-4716,2020-03-17,20:13:27,negative
M2,566-67-6324,2020-03-17,11:11:28,negative
M3,497-83-7823,2020-03-17,9:15:29,positive
M4,785-50-1262,2020-03-17,14:00:56,positive
M5,559-71-4321,2020-03-17,13:25:39,negative
M6,471-84-9809,2020-03-17,17:53:35,negative
M7,653-83-3759,2020-03-17,20:30:31,negative
M8,872-75-0826,2020-03-17,18:30:33,positive
M5,323-08-9287,2020-03-17,17:40:32,positive
M6,288-35-5789,2020-03-17,2:43:24,positive
M7,633-95-1437,2020-03-17,17:16:21,positive
M8,270-64-0313,2020-03-17,14:57:16,positive
M9,482-38-7791,2020-03-17,12:55:49,negative
M10,683-43-0165,2020-03-17,3:46:55,negative
M5,549-39-2470,2020-03-17,6:57:03,positive
M6,136-07-6319,2020-03-17,18:54:47,negative
M7,331-41-8369,2020-03-17,8:07:57,positive
M8,266-83-0010,2020-03-17,4:01:32,positive
M9,302-27-9137,2020-03-17,23:19:07,positive
M10,575-63-1516,2020-03-17,9:42:13,positive
M1,576-69-8008,2020-03-17,9:13:20,negative
M2,170-98-2263,2020-03-17,21:26:37,positive
M3,126-83-4463,2020-03-17,8:07:44,positive
M4,311-37-7873,2020-03-17,15:54:44,positive
M5,185-34-5310,2020-03-17,4:30:55,negative
M6,588-85-8792,2020-03-17,4:50:47,negative
M7,513-31-2059,2020-03-17,14:06:55,positive
M8,677-19-7420,2020-03-17,4:25:13,negative
M9,879-84-0265,2020-03-17,9:13:04,negative
M10,347-07-1921,2020-03-17,9:03:06,positive
M1,730-53-8012,2020-03-17,4:26:02,positive
M2,627-47-4426,2020-03-17,23:09:02,positive
M3,308-25-3136,2020-03-17,17:37:35,negative
M4,344-75-3720,2020-03-17,16:56:09,positive
M5,733-14-7641,2020-03-17,23:35:34,negative
M5,766-26-9562,2020-03-17,7:56:04,positive
M6,298-74-4994,2020-03-17,20:44:29,positive
M7,276-33-4938,2020-03-17,9:52:15,negative
M8,230-09-9868,2020-03-17,0:13:37,negative
M9,741-04-0328,2020-03-17,16:26:44,positive
M10,868-46-8360,2020-03-17,6:46:27,negative
M2,306-89-1409,2020-03-17,19:24:12,negative
M3,493-02-1524,2020-03-17,2:48:42,negative
M5,624-29-9345,2020-03-17,7:10:53,negative
M6,482-81-3291,2020-03-17,3:21:44,negative
M7,174-67-8572,2020-03-17,16:09:10,positive
M8,446-99-8771,2020-03-17,5:41:31,negative
M9,777-51-3820,2020-03-17,5:13:27,negative
M10,405-80-1749,2020-03-17,11:07:47,negative
M10,872-99-1969,2020-03-17,20:23:57,positive
M5,462-37-4217,2020-03-17,21:10:14,positive
M6,462-41-3749,2020-03-17,1:21:46,positive
M7,192-94-6209,2020-03-17,20:57:04,positive
M8,483-55-6757,2020-03-17,2:44:38,positive
M9,354-71-9241,2020-03-17,16:12:23,positive
M10,717-50-1348,2020-03-17,13:49:01,positive
M7,498-70-2255,2020-03-17,17:26:14,negative
M8,368-52-0722,2020-03-17,9:44:04,positive
M9,175-14-7892,2020-03-17,20:50:47,negative
M10,174-78-6208,2020-03-17,8:06:59,positive
M1,804-45-3314,2020-03-17,18:52:07,positive
M2,756-21-3351,2020-03-17,2:10:01,positive
M3,702-96-4574,2020-03-17,1:44:41,positive
M4,763-63-7242,2020-03-17,23:54:14,positive
M5,513-23-0796,2020-03-17,11:10:41,positive
M6,277-27-2818,2020-03-17,2:17:07,negative
M7,573-40-7682,2020-03-17,23:42:01,positive
M8,262-14-4262,2020-03-17,8:50:55,negative
M9,268-52-4620,2020-03-17,6:40:40,negative
M10,165-01-7989,2020-03-17,4:01:39,negative
M1,811-03-7506,2020-03-17,4:30:07,positive
M2,843-64-6054,2020-03-17,0:36:05,positive
M3,188-41-2829,2020-03-17,12:53:59,positive
M4,386-30-2326,2020-03-17,21:26:26,negative
M5,543-49-9075,2020-03-17,1:15:32,negative
M6,540-10-8280,2020-03-17,22:55:10,positive
M7,635-88-2186,2020-03-17,9:42:22,positive
M8,605-19-2117,2020-03-17,10:45:24,positive
M9,564-92-0383,2020-03-17,1:35:17,negative
M10,477-48-8532,2020-03-17,5:27:06,positive
M5,630-26-4405,2020-03-17,17:55:54,negative
M6,597-30-6237,2020-03-17,1:04:26,positive
M7,582-34-0140,2020-03-17,11:05:33,negative
M8,206-91-3926,2020-03-17,20:47:48,positive
M9,405-69-7717,2020-03-17,10:18:27,positive
M10,826-74-3994,2020-03-17,21:55:26,positive
M7,383-47-3459,2020-03-17,19:50:53,negative
M8,534-75-1679,2020-03-17,9:12:06,negative
M9,544-86-6088,2020-03-17,14:42:31,positive
M10,627-15-5618,2020-03-17,17:12:50,negative
M1,378-38-7721,2020-03-17,1:03:36,negative
M2,243-33-2207,2020-03-17,20:38:30,positive
M3,775-18-8628,2020-03-17,11:36:57,positive
M4,569-83-1325,2020-03-17,15:39:10,negative
M5,743-30-8760,2020-03-17,22:55:45,negative
M6,715-13-6177,2020-03-17,2:52:13,negative
M7,891-96-9820,2020-03-17,9:40:58,positive
M5,135-31-3210,2020-03-17,9:49:42,positive
M6,332-84-4699,2020-03-17,10:31:44,positive
M7,231-11-1854,2020-03-17,1:00:28,negative
M8,856-78-1727,2020-03-17,19:23:12,negative
M9,424-78-2525,2020-03-17,15:45:17,positive
M10,688-99-7601,2020-03-17,12:25:21,negative
M4,245-61-9644,2020-03-17,6:05:12,negative
M5,107-35-7458,2020-03-17,0:39:55,positive
M6,836-11-2091,2020-03-17,23:29:05,positive
M7,194-16-3279,2020-03-17,3:58:38,positive
M8,336-25-9039,2020-03-17,2:46:04,positive
M9,760-05-3164,2020-03-17,16:42:41,positive
M10,877-60-8038,2020-03-17,4:25:48,positive
M1,398-22-4550,2020-03-17,22:14:40,negative
M2,469-66-4346,2020-03-17,0:07:51,positive
M3,301-44-2755,2020-03-17,21:54:37,positive
M4,612-02-3783,2020-03-17,5:39:04,negative
M5,841-68-0834,2020-03-17,13:54:59,negative
M6,494-32-5353,2020-03-17,12:46:54,negative
M7,188-65-1349,2020-03-17,10:09:55,positive
M8,173-52-3101,2020-03-17,13:29:07,negative
M9,249-50-2607,2020-03-17,14:52:04,positive
M10,341-66-0188,2020-03-17,10:02:24,negative
M1,316-79-9916,2020-03-17,13:49:57,negative
M2,791-53-3137,2020-03-17,12:00:34,positive
M3,355-69-1351,2020-03-17,12:11:44,positive
M5,297-50-9542,2020-03-17,21:53:58,negative
M6,645-88-0794,2020-03-17,3:20:40,positive
M7,781-15-4149,2020-03-17,2:48:08,negative
M8,563-53-9381,2020-03-17,19:56:35,negative
M9,500-87-0090,2020-03-17,14:16:49,negative
M10,178-08-3621,2020-03-17,0:25:45,negative
M10,842-97-3494,2020-03-17,18:09:23,positive
M1,406-16-5487,2020-03-17,1:32:45,positive
M2,868-28-4992,2020-03-17,13:41:56,positive
M3,201-43-2973,2020-03-17,23:19:49,negative
M4,689-72-9249,2020-03-17,2:12:56,positive
M5,369-30-4506,2020-03-17,4:51:51,positive
M6,255-24-5094,2020-03-17,4:40:28,negative
M5,286-05-9819,2020-03-17,22:21:43,negative
M6,209-67-7487,2020-03-17,15:41:52,negative
M7,573-70-9499,2020-03-17,4:33:28,positive
M8,849-93-3593,2020-03-17,11:47:00,negative
M9,632-92-1875,2020-03-17,16:33:41,positive
M10,396-16-6224,2020-03-17,17:05:06,negative
M3,577-90-4012,2020-03-17,4:01:37,positive
M4,134-27-7909,2020-03-17,16:21:06,negative
M5,411-85-0012,2020-03-17,15:41:08,positive
M6,306-91-2420,2020-03-17,1:29:24,positive
M7,426-20-3209,2020-03-17,7:23:07,positive
M8,246-90-9690,2020-03-17,11:22:21,negative
M5,235-89-9460,2020-03-17,5:29:10,positive
M6,757-28-7626,2020-03-17,7:48:27,positive
M7,846-87-6547,2020-03-17,19:36:16,positive
M8,582-80-5743,2020-03-17,19:18:50,negative
M9,753-72-7141,2020-03-17,22:33:09,positive
M10,185-94-8981,2020-03-17,18:57:50,positive
M5,220-50-9478,2020-03-17,12:36:03,positive
M6,884-67-8935,2020-03-17,7:53:48,negative
M7,616-47-7883,2020-03-17,3:14:50,negative
M8,311-69-4285,2020-03-17,16:38:59,negative
M9,416-45-4821,2020-03-17,20:03:45,positive
M10,804-50-1049,2020-03-17,18:52:50,negative
M1,855-18-4980,2020-03-17,22:10:56,positive
M2,577-47-1862,2020-03-17,9:21:57,positive
M3,669-06-8482,2020-03-17,2:43:25,positive
M4,489-52-7834,2020-03-17,18:26:05,negative
M5,263-30-1069,2020-03-17,12:37:06,positive
M6,351-30-3155,2020-03-17,3:32:26,negative
M7,174-30-8424,2020-03-17,19:03:56,negative
M8,179-14-5137,2020-03-17,9:47:31,negative
M9,386-53-7055,2020-03-17,17:59:11,positive
M10,770-68-9180,2020-03-17,18:43:10,negative
M1,531-64-4112,2020-03-17,0:22:54,positive
M2,427-42-9895,2020-03-17,3:19:36,negative
M3,204-85-2819,2020-03-17,16:53:24,negative
M5,288-94-6355,2020-03-17,4:18:31,positive
M6,207-42-7140,2020-03-17,21:00:00,positive
M7,470-28-6295,2020-03-17,9:35:47,negative
M8,450-05-7272,2020-03-17,4:14:07,positive
M9,822-06-7943,2020-03-17,21:29:15,positive
M10,681-96-9131,2020-03-17,9:31:27,negative
M10,737-28-9057,2020-03-17,7:47:08,negative
M1,553-87-4601,2020-03-17,7:36:59,negative
M2,758-70-9343,2020-03-17,23:46:28,negative
M3,110-95-9685,2020-03-17,4:37:11,negative
M4,844-95-7471,2020-03-17,9:18:22,negative
M5,258-39-1201,2020-03-17,9:58:09,positive
M6,749-45-5279,2020-03-17,9:14:42,positive
M7,284-89-7668,2020-03-17,8:28:58,negative
M5,202-56-5096,2020-03-17,10:04:21,positive
M6,531-93-8802,2020-03-17,2:48:05,negative
M7,579-79-8402,2020-03-17,5:58:08,negative
M8,351-33-0998,2020-03-17,7:12:30,positive
M9,745-43-8193,2020-03-17,3:00:58,negative
M10,406-54-4350,2020-03-17,12:45:19,negative
M4,711-04-2343,2020-03-17,2:48:35,positive
M5,833-91-1999,2020-03-17,17:19:51,negative
M6,748-06-0917,2020-03-17,8:57:16,positive
M7,609-68-2318,2020-03-17,14:32:46,negative
M8,399-73-5089,2020-03-17,15:20:25,negative
M9,588-24-8989,2020-03-17,4:28:46,positive
M10,678-55-3590,2020-03-17,2:10:40,positive
M1,429-22-2217,2020-03-17,22:55:13,positive
M2,810-48-8710,2020-03-17,0:22:42,positive
M3,776-81-9053,2020-03-17,20:31:52,positive
M4,232-61-6632,2020-03-17,22:04:06,negative
M5,899-30-1664,2020-03-17,2:55:25,negative
M6,745-10-2422,2020-03-17,7:23:29,negative
M7,446-03-6696,2020-03-17,4:53:34,positive
M5,759-37-1352,2020-03-17,1:19:43,positive
M6,246-66-9321,2020-03-17,17:25:50,positive
M7,595-66-7310,2020-03-17,8:38:02,positive
M8,800-04-3306,2020-03-17,10:25:37,positive
M9,497-78-1307,2020-03-17,4:33:06,negative
M10,112-21-4059,2020-03-17,20:06:14,negative
M4,448-15-7200,2020-03-17,21:11:49,positive
M5,816-40-5759,2020-03-17,10:58:31,positive
M6,352-33-9969,2020-03-17,8:37:51,negative
M7,273-98-4499,2020-03-17,21:39:42,positive
M8,688-76-5012,2020-03-17,0:09:05,positive
M9,460-69-3409,2020-03-17,4:35:14,negative
M10,437-98-9387,2020-03-17,1:42:44,negative
M1,371-20-4171,2020-03-17,14:33:22,positive
M2,402-79-7973,2020-03-17,11:04:50,negative
M3,798-87-2762,2020-03-17,2:06:31,negative
M4,145-75-0279,2020-03-17,6:47:26,negative
M5,480-71-1278,2020-03-17,19:38:43,negative
M6,176-11-3531,2020-03-17,18:04:39,negative
M7,543-99-8290,2020-03-17,16:15:12,negative
M8,538-33-5308,2020-03-17,14:12:32,negative
M9,722-52-4126,2020-03-17,23:41:26,positive
M10,629-96-2205,2020-03-17,18:36:43,negative
M1,488-42-4367,2020-03-17,22:14:08,positive
M2,581-43-8909,2020-03-17,0:38:02,positive
M3,691-06-9776,2020-03-17,4:12:00,negative
M5,462-04-0241,2020-03-17,7:32:12,negative
M6,704-70-4400,2020-03-17,12:32:43,negative
M7,657-70-4279,2020-03-17,11:42:26,negative
M8,271-84-4988,2020-03-17,1:58:20,positive
M9,723-12-0905,2020-03-17,18:05:28,negative
M10,288-50-6583,2020-03-17,15:25:50,positive
M10,597-35-4802,2020-03-17,5:04:51,positive
M1,584-75-6677,2020-03-17,7:04:41,negative
M2,128-14-1724,2020-03-17,14:25:55,negative
M3,774-13-4471,2020-03-17,13:07:20,positive
M4,132-14-7905,2020-03-17,3:58:58,positive
M5,102-37-9242,2020-03-17,21:19:55,positive
M6,623-71-3973,2020-03-17,1:53:37,negative
M7,306-25-0216,2020-03-17,2:26:09,positive
M8,454-40-6328,2020-03-17,23:54:34,negative
M9,761-55-9149,2020-03-17,18:21:12,negative
M10,754-56-7805,2020-03-17,13:53:02,negative
M1,628-29-5480,2020-03-17,20:44:29,positive
M2,281-72-0763,2020-03-17,6:41:53,positive
M3,738-06-0060,2020-03-17,10:04:48,negative
M4,615-84-5767,2020-03-17,21:26:36,positive
M5,760-64-1629,2020-03-17,15:09:38,negative
M6,676-14-5728,2020-03-17,0:46:38,negative
M7,495-86-8431,2020-03-17,8:41:29,positive
M8,454-38-0119,2020-03-17,17:20:50,positive
M9,582-33-6088,2020-03-17,13:34:02,positive
M10,371-71-7712,2020-03-17,21:14:05,negative
M1,739-07-2877,2020-03-17,22:46:55,negative
M2,344-61-7528,2020-03-17,17:06:55,negative
M3,533-87-5460,2020-03-17,6:54:03,negative
M4,686-98-4767,2020-03-17,2:55:50,negative
M5,512-96-6705,2020-03-17,9:17:00,negative
M6,108-85-8966,2020-03-17,23:42:43,negative
M5,393-11-2471,2020-03-17,7:42:57,positive
M6,200-67-8264,2020-03-17,8:33:36,negative
M7,483-69-9575,2020-03-17,12:30:48,negative
M8,323-28-6391,2020-03-17,18:11:48,positive
M9,580-89-7487,2020-03-17,11:49:04,negative
M10,519-50-9879,2020-03-17,10:46:29,negative
M3,323-28-7411,2020-03-17,13:54:34,negative
M4,521-29-2713,2020-03-17,0:29:53,positive
M5,111-85-6312,2020-03-17,12:00:11,negative
M6,784-83-6646,2020-03-17,8:18:41,negative
M7,328-99-9223,2020-03-17,3:19:46,positive
M8,275-07-1103,2020-03-17,23:49:45,positive
M9,247-14-8315,2020-03-17,6:14:41,positive
M10,351-67-9865,2020-03-17,15:09:42,positive
M1,544-90-7912,2020-03-17,11:13:27,positive
M2,527-72-7611,2020-03-17,17:59:21,positive
M3,209-09-4691,2020-03-17,23:58:36,positive
M4,691-50-2703,2020-03-17,3:15:57,negative
M5,307-99-5330,2020-03-17,22:36:03,positive
M6,414-24-7488,2020-03-17,11:57:59,positive
M7,319-16-7305,2020-03-17,9:59:29,positive
M8,345-56-7117,2020-03-17,20:32:23,negative
M9,526-93-8433,2020-03-17,3:22:08,positive
M10,426-02-2050,2020-03-17,5:27:16,positive
M1,339-13-2850,2020-03-17,5:28:32,negative
M2,281-23-9030,2020-03-17,12:00:49,positive
M3,621-18-2183,2020-03-17,10:47:07,negative
M4,394-86-4303,2020-03-17,23:27:21,negative
M5,383-16-2472,2020-03-17,10:57:47,negative
M6,128-05-4776,2020-03-17,2:20:12,negative
M7,212-42-0125,2020-03-17,20:58:00,negative
M8,232-14-8260,2020-03-17,7:24:30,negative
M9,770-68-9641,2020-03-17,18:56:55,negative
M10,172-73-5334,2020-03-17,3:56:35,positive
M5,649-06-8559,2020-03-17,4:17:59,positive
M6,720-41-8792,2020-03-17,6:43:31,negative
M7,751-74-1728,2020-03-17,18:43:58,negative
M8,768-95-8192,2020-03-17,8:54:55,positive
M9,890-10-6335,2020-03-17,22:41:55,positive
M10,161-28-0329,2020-03-17,17:24:39,positive
M7,280-74-5549,2020-03-17,11:16:06,positive
M8,298-99-1127,2020-03-17,15:45:23,negative
M9,734-76-8140,2020-03-17,20:24:19,positive
M5,815-55-4216,2020-03-17,19:51:15,negative
M6,625-91-1858,2020-03-17,19:17:59,negative
M7,372-80-5831,2020-03-17,11:45:51,negative
M8,839-73-9208,2020-03-17,10:35:18,positive
M9,757-32-5923,2020-03-17,22:38:27,positive
M10,407-44-0075,2020-03-17,20:30:44,negative
M6,715-71-7292,2020-03-17,13:22:38,negative
M7,145-52-6305,2020-03-17,19:15:05,negative
M8,332-89-5565,2020-03-17,9:09:46,positive
M9,149-91-3219,2020-03-17,5:06:43,positive
M10,280-86-5218,2020-03-17,11:57:58,positive
M1,818-37-9543,2020-03-17,17:47:11,positive
M2,676-82-2365,2020-03-17,8:13:33,negative
M3,150-39-6472,2020-03-17,21:49:01,positive
M4,752-45-0034,2020-03-17,11:43:31,positive
M5,585-34-8830,2020-03-17,23:20:56,negative
M6,473-38-3723,2020-03-17,22:51:03,negative
M7,546-39-1481,2020-03-17,3:56:44,positive
M8,113-31-3405,2020-03-17,14:02:04,negative
M9,832-39-1218,2020-03-17,21:00:29,positive
M10,712-59-0596,2020-03-17,0:22:23,positive
M1,877-86-8040,2020-03-17,0:10:56,negative
M2,538-49-9737,2020-03-17,5:30:42,positive
M3,119-92-7673,2020-03-17,15:03:56,positive
M4,829-02-0493,2020-03-17,0:47:31,positive
M5,545-18-5761,2020-03-17,20:46:33,negative
M6,114-44-0507,2020-03-17,6:33:38,negative
M7,800-82-5451,2020-03-17,4:18:34,negative
M8,844-51-2614,2020-03-17,7:43:43,negative
M9,608-06-0995,2020-03-17,10:13:11,negative
M10,416-84-4075,2020-03-17,5:46:38,positive
M1,217-51-4425,2020-03-17,10:33:06,positive
M2,357-31-4190,2020-03-17,1:27:18,positive
M3,125-12-0653,2020-03-17,3:45:33,positive
M4,570-31-3227,2020-03-17,20:56:10,negative
M5,136-34-7533,2020-03-17,12:34:50,positive
M6,451-34-9971,2020-03-17,7:45:00,positive
M7,754-50-8444,2020-03-17,9:33:50,negative
M8,423-90-5414,2020-03-17,9:52:47,negative
M9,199-70-5471,2020-03-17,20:00:45,negative
M10,557-75-6916,2020-03-17,21:28:00,negative
M1,137-26-3062,2020-03-17,10:11:57,negative
M5,736-26-2030,2020-03-17,8:58:23,positive
M6,467-09-3294,2020-03-17,13:26:03,negative
M7,609-99-3465,2020-03-17,12:54:57,positive
M8,497-21-3128,2020-03-17,20:06:54,positive
M9,497-36-1226,2020-03-17,10:45:15,negative
M10,617-40-9317,2020-03-17,5:56:01,positive
M8,549-01-5574,2020-03-17,21:03:40,negative
M9,118-65-5165,2020-03-17,18:45:29,positive
M10,622-45-4168,2020-03-17,5:58:55,negative
M1,628-83-6804,2020-03-17,2:12:35,negative
M2,729-71-9048,2020-03-17,6:01:59,negative
M3,632-57-8716,2020-03-17,23:07:44,negative
M4,321-86-5388,2020-03-17,2:09:11,positive
M5,826-79-3219,2020-03-17,14:09:30,negative
M6,850-93-5278,2020-03-17,3:43:24,negative
M7,147-26-7467,2020-03-17,21:40:31,positive
M8,471-45-1146,2020-03-17,23:25:48,positive
M9,158-52-8245,2020-03-17,22:23:28,positive
M10,576-02-9582,2020-03-17,3:18:05,negative
M1,130-16-0739,2020-03-17,8:35:51,negative
M2,575-92-8461,2020-03-17,13:56:04,positive
M3,120-25-3281,2020-03-17,19:46:29,negative
M4,223-98-3216,2020-03-17,5:02:23,negative
M5,465-35-1033,2020-03-17,2:29:32,negative
M6,766-75-2201,2020-03-17,8:43:17,positive
M7,322-05-1737,2020-03-17,3:40:35,negative
M8,297-37-9102,2020-03-17,9:48:48,negative
M9,232-53-8353,2020-03-17,1:23:33,positive
M10,823-42-8122,2020-03-17,1:16:51,negative
M1,521-58-3341,2020-03-17,19:03:24,positive
M2,507-86-7135,2020-03-17,7:16:51,positive
M3,256-08-9207,2020-03-17,2:02:31,negative
M4,212-65-7468,2020-03-17,21:03:10,positive
M5,705-89-2646,2020-03-17,19:51:16,positive
M6,339-16-3895,2020-03-17,13:49:05,negative
M5,444-80-4532,2020-03-17,18:27:32,negative
M6,776-66-7042,2020-03-17,4:07:00,negative
M7,296-99-8455,2020-03-17,18:20:58,positive
M8,213-55-1990,2020-03-17,5:43:57,positive
M9,324-74-9450,2020-03-17,19:54:30,negative
M10,314-07-1161,2020-03-17,4:10:49,positive
M3,513-65-6653,2020-03-17,10:08:29,negative
M4,791-91-7003,2020-03-17,0:29:00,negative
M5,494-37-6520,2020-03-17,8:21:35,positive
M6,307-08-1583,2020-03-17,2:49:34,negative
M7,442-37-9818,2020-03-17,16:13:08,negative
M8,550-52-7212,2020-03-17,13:20:47,positive
M9,723-03-3205,2020-03-17,2:31:41,positive
M10,192-86-7149,2020-03-17,21:45:23,positive
M1,243-11-1164,2020-03-17,19:49:16,positive
M2,374-94-8493,2020-03-17,10:27:19,positive
M3,447-87-2238,2020-03-17,9:49:20,positive
M4,300-08-6676,2020-03-17,16:34:00,negative
M5,361-58-1523,2020-03-17,5:34:48,negative
M6,659-20-9780,2020-03-17,13:16:22,positive
M7,123-32-3789,2020-03-17,17:01:00,negative
M8,593-69-7039,2020-03-17,11:38:27,negative
M9,415-70-0083,2020-03-17,22:16:36,negative
M10,802-53-7486,2020-03-17,3:04:33,positive
M1,597-59-3795,2020-03-17,14:45:13,negative
M2,683-24-6985,2020-03-17,18:55:13,negative
M3,709-84-0964,2020-03-17,15:08:56,negative
M4,448-22-2068,2020-03-17,5:14:27,negative
M5,382-07-1152,2020-03-17,8:25:50,negative
M6,599-82-6105,2020-03-17,6:20:38,negative
M7,297-68-1026,2020-03-17,10:29:00,positive
M8,657-29-0406,2020-03-17,7:03:39,negative
M9,783-71-7910,2020-03-17,2:12:12,positive
M10,338-95-3889,2020-03-17,7:16:50,positive
M1,729-72-2297,2020-03-17,0:34:48,positive
M2,819-29-1251,2020-03-17,1:39:19,positive
M3,335-44-4764,2020-03-17,23:24:15,positive
M4,680-24-8095,2020-03-17,22:01:38,positive
M5,526-57-4269,2020-03-17,12:15:21,positive
M6,131-88-0919,2020-03-17,11:48:04,positive
M7,163-93-1046,2020-03-17,13:34:15,positive
M8,148-09-5382,2020-03-17,20:47:56,negative
M9,660-64-1585,2020-03-17,20:12:03,negative
M10,461-53-2979,2020-03-17,0:58:28,positive
M1,538-94-3832,2020-03-17,4:01:24,negative
M2,665-84-8481,2020-03-17,7:30:52,positive
M3,504-05-9446,2020-03-17,18:00:17,negative
M4,500-11-6585,2020-03-17,18:02:43,negative
M5,143-44-9497,2020-03-17,12:27:14,positive
M6,770-02-8107,2020-03-17,19:59:46,positive
M7,432-50-4369,2020-03-17,1:33:57,negative
M8,745-40-6052,2020-03-17,1:15:01,positive
M9,653-31-5976,2020-03-17,5:22:04,positive
M10,105-26-0727,2020-03-17,9:24:20,positive
M1,433-88-0101,2020-03-17,11:22:10,positive