flightId,passengerId
N407AS,635-75-0697
N3KUAA,306-89-1409
N171US,781-16-1604
N3HYAA,821-80-5156
N527AS,672-10-2385
N3730B,371-05-7084
N635NK,789-88-8394
N584UW,311-69-4285
N3LAAA,473-12-8892
N826DN,894-47-4970
N958DN,477-17-4294
N853AA,461-53-2979
N547US,423-90-5414
N3751B,504-05-9446
N651DL,679-30-7694
N309AS,823-96-2225
N3743H,151-90-2827
N78448,151-90-2827
N413AS,702-96-4574
N806DN,507-86-7135
N525NK,162-63-1147
N3GXAA,246-90-9690
N632NK,103-68-7587
N3CTAA,776-81-9053
N671DN,216-96-5863
N76517,258-39-1201
N457AS,235-89-9460
N528NK,198-36-8718
N571UW,791-32-6929
N3HRAA,386-30-2326
N629NK,171-82-6467
N3CGAA,752-06-7432
N431AS,415-88-3711
N320US,659-71-4493
N514NK,236-23-0825
N389HA,493-51-8756
N804AW,462-41-3749
N76519,341-86-0960
N464AS,649-06-8559
N607JB,374-94-8493
N633NK,162-63-1147
N606NK,868-46-8360
N3BDAA,816-40-5759
N514AS,563-53-9381
N630NK,616-61-7569
N597JB,497-36-1226
N172US,423-20-7647
N303AS,738-39-4343
N653JB,756-21-3351
N37293,892-11-8930
N239JB,119-92-7673
N627JB,745-43-8193
N307JB,886-78-0750
N621JB,415-70-0083
N317JB,604-58-8829
N646JB,428-13-8734
N197UW,232-61-6632
N607AS,650-07-5603
N492HA,553-87-4601
N701BR,522-09-6285
N476HA,400-42-9057
N423AS,768-95-8192
N484HA,222-67-7316
N30401,450-05-7272
N3CXAA,393-60-8574
N616NK,863-80-6261
N8982A,406-54-4350
N445SW,277-68-2713
N746SK,473-12-8892
N676AW,585-64-5266
N3ASAA,273-98-4499
N3ETAA,774-32-7567
N12142,552-32-3415
N174US,645-08-7702
N3KVAA,339-13-2850
N355NW,725-79-9398
N26545,118-63-5349
N882AS,869-72-9651
N824AS,741-04-0328
N432SW,234-31-8470
N477HA,761-68-5861
N720EV,580-89-7487
N660MQ,458-31-0961
N79521,284-29-7357
N37281,335-44-4764
N36476,508-29-3632
N4XKAA,559-71-4321
N832AS,366-76-6806
N918FR,328-62-8311
N509NK,869-99-2555
N583SW,564-87-1657
N593ML,462-37-4217
N77066,306-91-2420
N66837,608-27-0002
N17245,311-37-7873
N358JB,288-50-6583
N190JB,355-69-1351
N324JB,135-31-3210
N12967,541-40-4423
N849AS,733-14-7641
N407AS,382-07-1152
N3KUAA,170-98-2263
N171US,111-86-7400
N3HYAA,690-89-4716
N527AS,396-44-7774
N3730B,331-37-3728
N635NK,718-57-1402
N584UW,890-10-6335
N3LAAA,833-96-0460
N826DN,311-69-4285
N958DN,737-28-9057
N853AA,735-53-3282
N547US,507-23-6788
N3751B,442-37-9818
N651DL,172-73-5334
N309AS,557-95-7758
N3743H,550-33-5993
N78448,781-15-4149
N413AS,702-96-4574
N806DN,636-51-7433
N525NK,226-97-5641
N3GXAA,521-29-2713
N632NK,532-23-3990
N3CTAA,329-40-2301
N671DN,718-57-1402
N76517,134-05-5918
N457AS,754-56-7805
N528NK,411-84-4218
N571UW,179-14-5137
N3HRAA,298-05-3802
N629NK,677-85-0722
N3CGAA,553-87-4601
N431AS,486-76-7494
N320US,737-28-9057
N514NK,515-61-3225
N389HA,366-76-6806
N804AW,720-38-5912
N76519,209-09-4691
N464AS,224-28-9515
N607JB,844-51-2614
N633NK,484-16-5688
N606NK,736-26-2030
N3BDAA,280-74-5549
N514AS,608-06-0995
N630NK,480-85-9936
N597JB,343-38-9684
N172US,808-52-1135
N303AS,138-48-7224
N653JB,277-68-2713
N37293,397-78-1736
N239JB,326-99-9078
N627JB,790-97-6709
N307JB,599-82-6105
N621JB,235-89-9460
N317JB,616-47-7883
N646JB,504-27-4014
N197UW,341-86-0960
N607AS,537-91-9453
N492HA,616-26-7996
N701BR,262-14-4262
N476HA,234-90-1217
N423AS,582-34-0140
N484HA,397-78-1736
N30401,529-30-7135
N3CXAA,784-83-6646
N616NK,130-74-3596
N8982A,108-85-8966
N445SW,612-02-3783
N746SK,749-73-9392
N676AW,776-81-9053
N3ASAA,842-97-3494
N3ETAA,507-23-6788
N12142,226-80-4300
N174US,749-73-9392
N3KVAA,429-04-2583
N355NW,142-45-4364
N26545,833-91-1999
N882AS,437-98-9387
N824AS,364-43-0266
N432SW,725-79-9398
N477HA,834-96-3329
N720EV,297-50-9542
N660MQ,808-91-2831
N79521,423-20-7647
N37281,194-84-7389
N36476,108-85-8966
N4XKAA,720-41-8792
N832AS,107-35-7458
N918FR,311-37-7873
N509NK,397-20-4859
N583SW,285-83-9966
N593ML,518-64-3179
N77066,495-86-8431
N66837,715-71-7292
N17245,209-67-7487
N358JB,507-11-5354
N190JB,798-87-2762
N324JB,898-30-2226
N12967,288-35-5789
N849AS,544-90-7912
N407AS,340-07-0097
N3KUAA,623-71-3973
N171US,239-96-8885
N3HYAA,298-05-3802
N527AS,738-39-4343
N3730B,171-82-6467
N635NK,534-58-2592
N584UW,895-62-0290
N3LAAA,422-15-3650
N826DN,711-04-2343
N958DN,821-80-5156
N853AA,683-27-6365
N547US,402-79-7973
N3751B,513-65-6653
N651DL,868-28-4992
N309AS,683-43-0165
N3743H,486-76-7494
N78448,190-30-6857
N413AS,745-03-0922
N806DN,268-52-4620
N525NK,329-84-1531
N3GXAA,893-81-4416
N632NK,756-21-3351
N3CTAA,884-55-8999
N671DN,653-31-5976
N76517,879-84-0265
N457AS,366-76-6806
N528NK,820-02-5115
N571UW,754-41-4377
N3HRAA,507-38-3004
N629NK,179-59-3882
N3CGAA,153-45-6270
N431AS,665-09-4988
N320US,136-34-7533
N514NK,774-32-7567
N389HA,180-38-7659
N804AW,351-30-3155
N76519,838-68-3613
N464AS,239-30-8375
N607JB,172-73-5334
N633NK,800-05-9986
N606NK,834-06-9306
N3BDAA,220-50-9478
N514AS,493-51-8756
N630NK,577-90-4012
N597JB,392-65-3641
N172US,297-50-9542
N303AS,450-05-7272
N653JB,266-01-0983
N37293,667-33-4458
N239JB,807-05-4341
N627JB,132-14-7905
N307JB,575-92-8461
N621JB,273-98-4499
N317JB,318-03-9396
N646JB,823-38-0747
N197UW,877-67-2008
N607AS,557-38-0286
N492HA,108-80-6653
N701BR,878-47-1486
N476HA,499-43-6879
N423AS,175-14-7892
N484HA,188-41-2829
N30401,585-64-5266
N3CXAA,495-86-8431
N616NK,109-79-5810
N8982A,306-89-1409
N445SW,234-33-7358
N746SK,843-30-0962
N676AW,716-75-9794
N3ASAA,531-93-8802
N3ETAA,587-86-4143
N12142,753-41-6243
N174US,748-06-0917
N3KVAA,387-16-7364
N355NW,588-85-8792
N26545,134-27-7909
N882AS,246-30-1376
N824AS,515-61-3225
N432SW,180-82-5534
N477HA,624-30-9677
N720EV,108-80-6653
N660MQ,284-89-7668
N79521,895-62-0290
N37281,802-53-7486
N36476,100-30-9675
N4XKAA,588-85-8792
N832AS,234-33-7358
N918FR,484-16-5688
N509NK,340-43-6778
N583SW,383-16-2472
N593ML,507-59-0248
N77066,198-38-2443
N66837,249-50-2607
N17245,225-02-9302
N358JB,245-43-0234
N190JB,212-42-0125
N324JB,324-74-9450
N12967,534-58-2592
N849AS,745-40-6052
N407AS,120-25-3281
N3KUAA,322-05-1737
N171US,177-32-7733
N3HYAA,774-32-7567
N527AS,105-26-0727
N3730B,662-97-2896
N635NK,608-27-0002
N584UW,584-75-6677
N3LAAA,326-99-9078
N826DN,318-90-2579
N958DN,497-36-1226
N853AA,275-33-0780
N547US,201-31-4853
N3751B,657-29-0406
N651DL,207-42-7140
N309AS,799-23-1021
N3743H,168-84-0728
N78448,885-52-2339
N413AS,538-94-3832
N806DN,314-29-6968
N525NK,123-32-3789
N3GXAA,185-34-5310
N632NK,645-08-7702
N3CTAA,302-33-4306
N671DN,564-92-0383
N76517,590-02-6737
N457AS,202-56-5096
N528NK,585-34-8830
N571UW,822-06-7943
N3HRAA,136-07-6319
N629NK,446-92-1244
N3CGAA,683-27-6365
N431AS,742-28-0162
N320US,486-76-7494
N514NK,844-51-1629
N389HA,176-71-8268
N804AW,199-88-7339
N76519,499-43-6879
N464AS,123-32-3789
N607JB,645-88-0794
N633NK,817-89-5770
N606NK,427-42-9895
N3BDAA,418-46-5391
N514AS,899-30-1664
N630NK,175-46-7580
N597JB,105-26-0727
N172US,422-15-3650
N303AS,791-53-3137
N653JB,654-98-3843
N37293,314-07-1161
N239JB,527-72-7611
N627JB,737-28-9057
N307JB,159-28-8720
N621JB,729-71-9048
N317JB,324-50-2400
N646JB,405-80-1749
N197UW,894-47-4970
N607AS,513-65-6653
N492HA,446-03-6696
N701BR,859-53-1824
N476HA,150-28-0696
N423AS,778-76-4749
N484HA,306-91-2554
N30401,773-87-8993
N3CXAA,161-28-0329
N616NK,331-41-8369
N8982A,678-87-8056
N445SW,371-33-3753
N746SK,781-40-4220
N676AW,273-98-4499
N3ASAA,823-27-1807
N3ETAA,188-41-2829
N12142,576-02-9582
N174US,751-74-1728
N3KVAA,145-52-6305
N355NW,616-26-7996
N26545,345-32-2489
N882AS,699-06-2932
N824AS,157-30-7732
N432SW,448-22-2068
N477HA,110-11-6514
N720EV,575-63-1516
N660MQ,386-53-7055
N79521,616-47-7883
N37281,174-78-6208
N36476,300-74-2230
N4XKAA,441-66-4669
N832AS,382-07-1152
N918FR,273-98-4499
N509NK,563-07-8808
N583SW,496-16-8769
N593ML,480-85-9936
N77066,429-04-2583
N66837,436-44-1931
N17245,791-91-7003
N358JB,314-07-1161
N190JB,819-59-8381
N324JB,582-80-5743
N12967,884-67-8935
N849AS,725-79-9398
N407AS,298-74-4994
N3KUAA,176-11-3531
N171US,757-32-5923
N3HYAA,887-68-8428
N527AS,671-47-0058
N3730B,753-41-6243
N635NK,251-51-5389
N584UW,633-95-1437
N3LAAA,720-41-8792
N826DN,459-25-4677
N958DN,835-61-5307
N853AA,744-51-1704
N547US,352-90-6549
N3751B,786-56-1542
N651DL,209-67-7487
N309AS,639-14-1259
N3743H,192-86-7149
N78448,172-73-5334
N413AS,782-49-3575
N806DN,843-30-0962
N525NK,119-92-7673
N3GXAA,549-39-2470
N632NK,774-13-4471
N3CTAA,243-33-2207
N671DN,508-29-3632
N76517,239-96-8885
N457AS,302-33-4306
N528NK,134-05-5918
N571UW,382-07-1152
N3HRAA,172-43-9067
N629NK,737-28-9057
N3CGAA,185-94-8981
N431AS,594-01-6623
N320US,624-29-9345
N514NK,708-43-1559
N389HA,432-71-7185
N804AW,588-85-8792
N76519,368-52-0722
N464AS,467-09-3294
N607JB,636-51-7433
N633NK,210-42-8295
N606NK,804-50-1049
N3BDAA,791-60-4835
N514AS,216-96-5863
N630NK,130-74-3596
N597JB,649-06-0547
N172US,386-94-6803
N303AS,123-84-8926
N653JB,418-65-8672
N37293,738-06-0060
N239JB,285-49-5210
N627JB,396-16-6224
N307JB,194-84-7389
N621JB,234-31-8470
N317JB,454-10-4081
N646JB,577-90-4012
N197UW,500-11-6585
N607AS,575-92-8461
N492HA,288-50-6583
N701BR,330-84-1831
N476HA,455-45-8609
N423AS,628-29-5480
N484HA,451-31-1208
N30401,770-02-8107
N3CXAA,595-71-4824
N616NK,627-78-9611
N8982A,497-78-1307
N445SW,232-53-8353
N746SK,413-03-4787
N676AW,462-04-0241
N3ASAA,760-05-3164
N3ETAA,411-85-0012
N12142,792-01-7609
N174US,397-78-1736
N3KVAA,842-97-3494
N355NW,150-36-5789
N26545,362-08-1438
N882AS,352-33-9969
N824AS,868-46-8360
N432SW,429-22-2217
N477HA,222-67-7316
N720EV,583-29-8034
N660MQ,153-45-6270
N79521,465-35-1033
N37281,745-40-6052
N36476,497-10-5363
N4XKAA,178-95-9881
N832AS,583-29-8034
N918FR,713-71-2655
N509NK,458-65-6878
N583SW,717-50-1348
N593ML,404-15-1915
N77066,281-72-0763
N66837,280-86-5218
N17245,772-01-9378
N358JB,650-07-5603
N190JB,577-90-4012
N324JB,298-99-1127
N12967,357-31-4190
N849AS,587-86-4143
N407AS,493-51-8756
N3KUAA,246-66-9321
N171US,586-51-7001
N3HYAA,222-25-5951
N527AS,778-76-4749
N3730B,190-67-5469
N635NK,707-83-8199
N584UW,717-22-2133
N3LAAA,458-65-6878
N826DN,564-92-0383
N958DN,305-85-0302
N853AA,201-43-2973
N547US,826-79-3219
N3751B,158-86-7747
N651DL,754-50-8444
N309AS,399-73-5089
N3743H,188-41-2829
N78448,185-94-8981
N413AS,403-79-4759
N806DN,872-99-1969
N525NK,113-31-3405
N3GXAA,517-98-3689
N632NK,856-78-1727
N3CTAA,712-59-0596
N671DN,247-14-8315
N76517,358-45-9603
N457AS,451-31-1208
N528NK,128-14-1724
N571UW,311-30-3528
N3HRAA,890-10-6335
N629NK,463-42-7536
N3CGAA,137-26-3062
N431AS,231-11-1854
N320US,867-39-6880
N514NK,415-70-0083
N389HA,820-79-3560
N804AW,488-42-4367
N76519,722-52-4126
N464AS,460-69-3409
N607JB,899-30-1664
N633NK,361-49-3219
N606NK,899-35-4708
N3BDAA,329-84-1531
N514AS,306-89-1409
N630NK,462-41-3749
N597JB,786-56-1542
N172US,678-55-3590
N303AS,462-41-3749
N653JB,770-68-9641
N37293,245-61-9644
N239JB,519-50-9879
N627JB,820-79-3560
N307JB,233-12-2587
N621JB,245-61-9644
N317JB,784-51-5100
N646JB,528-69-6043
N197UW,831-40-8930
N607AS,109-90-6094
N492HA,371-71-7712
N701BR,149-91-3219
N476HA,630-70-0044
N423AS,257-42-2709
N484HA,389-85-4534
N30401,760-64-1629
N3CXAA,629-96-2205
N616NK,497-97-9365
N8982A,158-86-7747
N445SW,669-06-8482
N746SK,243-11-1164
N676AW,451-31-1208
N3ASAA,645-41-6338
N3ETAA,138-48-7224
N12142,848-57-0644
N174US,886-78-0750
N3KVAA,749-45-5279
N355NW,336-25-9039
N26545,899-30-1664
N882AS,191-54-2666
N824AS,654-98-3843
N432SW,851-12-7105
N477HA,423-20-7647
N720EV,220-31-5578
N660MQ,784-83-6646
N79521,792-45-9811
N37281,799-23-1021
N36476,560-02-2052
N4XKAA,185-10-8712
N832AS,729-72-2297
N918FR,849-20-1926
N509NK,406-54-4350
N583SW,136-07-6319
N593ML,706-90-7602
N77066,174-78-6208
N66837,246-90-9690
N17245,686-98-4767
N358JB,692-10-8366
N190JB,398-22-4550
N324JB,630-18-8795
N12967,426-20-3209
N849AS,300-74-2230
N407AS,312-34-0854
N3KUAA,722-52-4126
N171US,107-10-3320
N3HYAA,297-37-9102
N527AS,176-71-8268
N3730B,735-53-3282
N635NK,347-07-1092
N584UW,277-27-2818
N3LAAA,836-11-2091
N826DN,820-02-5115
N958DN,751-18-0600
N853AA,339-16-3895
N547US,773-87-8993
N3751B,388-99-9108
N651DL,258-69-3099
N309AS,362-63-1714
N3743H,801-44-4982
N78448,754-56-7805
N413AS,770-68-9641
N806DN,630-93-6928
N525NK,158-52-8245
N3GXAA,629-96-2205
N632NK,817-30-3274
N3CTAA,319-78-7153
N671DN,481-33-8579
N76517,770-68-9180
N457AS,458-31-0961
N528NK,404-15-1915
N571UW,589-70-1090
N3HRAA,307-08-1583
N629NK,538-49-9737
N3CGAA,483-69-9575
N431AS,691-06-9776
N320US,371-05-7084
N514NK,151-90-2827
N389HA,293-35-6297
N804AW,112-58-8308
N76519,301-66-9038
N464AS,425-61-3447
N607JB,112-21-4059
N633NK,118-63-5349
N606NK,196-81-9076
N3BDAA,190-67-5469
N514AS,734-76-8140
N630NK,402-79-7973
N597JB,180-38-7659
N172US,171-82-6467
N303AS,207-72-2490
N653JB,588-24-8989
N37293,517-98-3689
N239JB,557-95-7758
N627JB,807-05-4341
N307JB,202-56-5096
N621JB,475-69-1858
N317JB,653-05-5629
N646JB,462-41-3749
N197UW,288-94-6355
N607AS,358-45-9603
N492HA,679-30-7694
N701BR,557-18-3122
N476HA,323-28-7411
N423AS,162-34-7291
N484HA,820-02-5115
N30401,515-61-3225
N3CXAA,188-41-2829
N616NK,300-08-6676
N8982A,517-98-3689
N445SW,507-86-7135
N746SK,686-98-4767
N676AW,773-87-8993
N3ASAA,409-13-0404
N3ETAA,808-91-2831
N12142,223-98-3216
N174US,446-03-6696
N3KVAA,741-04-0328
N355NW,730-45-4500
N26545,664-59-1173
N882AS,217-51-4425
N824AS,844-51-2614
N432SW,242-38-2668
N477HA,285-49-5210
N720EV,632-92-1875
N660MQ,383-16-2472
N79521,577-47-1862
N37281,471-84-9809
N36476,319-16-7305
N4XKAA,147-26-7467
N832AS,108-85-8966
N918FR,220-31-5578
N509NK,471-45-1146
N583SW,462-04-0241
N593ML,175-14-7892
N77066,426-20-3209
N66837,595-71-4824
N17245,343-38-9684
N358JB,531-22-0992
N190JB,834-96-3329
N324JB,688-76-5012
N12967,811-68-2977
N849AS,808-52-1135
N407AS,604-55-3246
N3KUAA,575-63-1516
N171US,580-89-7487
N3HYAA,386-53-7055
N527AS,604-58-8829
N3730B,636-51-7433
N635NK,174-67-8572
N584UW,701-11-1646
N3LAAA,504-05-9446
N826DN,820-79-3560
N958DN,328-36-8126
N853AA,649-06-8559
N547US,448-22-2068
N3751B,217-51-4425
N651DL,290-16-6819
N309AS,427-42-9895
N3743H,842-97-3494
N78448,867-39-6880
N413AS,739-07-2877
N806DN,411-79-2708
N525NK,783-71-7910
N3GXAA,245-43-0234
N632NK,868-28-4992
N3CTAA,331-41-8369
N671DN,239-96-8885
N76517,319-36-5084
N457AS,311-37-7873
N528NK,288-35-5789
N571UW,220-31-5578
N3HRAA,192-94-6209
N629NK,432-71-7185
N3CGAA,175-46-7580
N431AS,137-26-3062
N320US,188-36-2369
N514NK,538-33-5308
N389HA,843-30-0962
N804AW,199-88-7339
N76519,597-35-4802
N464AS,307-08-1583
N607JB,508-41-4091
N633NK,543-99-8290
N606NK,298-20-7448
N3BDAA,754-41-4377
N514AS,192-94-6209
N630NK,392-65-3641
N597JB,689-72-9249
N172US,753-30-1246
N303AS,549-01-5574
N653JB,162-34-7291
N37293,645-08-7702
N239JB,301-66-9038
N627JB,715-71-7292
N307JB,881-65-4055
N621JB,609-68-2318
N317JB,162-63-1147
N646JB,645-08-7702
N197UW,442-37-9818
N607AS,231-11-1854
N492HA,711-82-0974
N701BR,196-81-9076
N476HA,520-98-2329
N423AS,521-29-2713
N484HA,415-88-3711
N30401,805-74-4005
N3CXAA,761-68-5861
N616NK,627-15-5618
N8982A,424-78-2525
N445SW,266-01-0983
N746SK,886-50-9583
N676AW,180-38-7659
N3ASAA,834-96-3329
N3ETAA,654-98-3843
N12142,403-79-4759
N174US,414-24-7488
N3KVAA,681-96-9131
N355NW,120-25-3281
N26545,705-89-2646
N882AS,601-86-1015
N824AS,401-73-6542
N432SW,264-64-7904
N477HA,608-06-0995
N720EV,800-04-3306
N660MQ,484-16-5688
N79521,404-15-1915
N37281,277-27-2818
N36476,500-87-0090
N4XKAA,275-33-0780
N832AS,582-34-0140
N918FR,354-71-9241
N509NK,392-42-7270
N583SW,347-07-1921
N593ML,382-07-1152
N77066,497-78-1307
N66837,347-07-1921
N17245,816-04-1979
N358JB,641-69-0321
N190JB,779-99-4773
N324JB,322-05-1737
N12967,784-18-0134
N849AS,114-44-0507
N407AS,371-05-7084
N3KUAA,678-87-8056
N171US,686-98-4767
N3HYAA,462-41-3749
N527AS,507-59-0248
N3730B,723-12-0905
N635NK,217-51-4425
N584UW,811-28-8002
N3LAAA,608-06-0995
N826DN,819-59-8381
N958DN,225-02-9302
N853AA,296-06-8859
N547US,424-78-2525
N3751B,134-05-5918
N651DL,407-52-5466
N309AS,110-43-5062
N3743H,508-29-3632
N78448,268-52-4620
N413AS,517-98-3689
N806DN,821-80-5156
N525NK,665-84-8481
N3GXAA,247-14-8315
N632NK,823-42-8122
N3CTAA,677-19-7420
N671DN,281-72-0763
N76517,461-02-7807
N457AS,851-12-7105
N528NK,108-45-2566
N571UW,308-25-3136
N3HRAA,627-15-5618
N629NK,286-05-9819
N3CGAA,494-02-0084
N431AS,288-50-6583
N320US,533-87-5460
N514NK,300-74-2230
N389HA,281-23-9030
N804AW,688-99-7601
N76519,311-37-7873
N464AS,207-42-7140
N607JB,101-03-8851
N633NK,266-83-0010
N606NK,361-55-1524
N3BDAA,850-93-5278
N514AS,798-51-0809
N630NK,423-20-7647
N597JB,416-84-4075
N172US,256-08-9207
N303AS,497-78-1307
N653JB,477-48-8532
N37293,842-47-2393
N239JB,473-39-4149
N627JB,136-07-6319
N307JB,776-66-7042
N621JB,629-96-2205
N317JB,838-68-3613
N646JB,200-67-8264
N197UW,683-43-0165
N607AS,417-37-2240
N492HA,617-40-9317
N701BR,899-35-4708
N476HA,341-86-0960
N423AS,374-94-8493
N484HA,627-15-5618
N30401,103-68-7587
N3CXAA,245-43-0234
N616NK,284-29-7357
N8982A,577-47-1862
N445SW,717-22-2133
N746SK,659-71-4493
N676AW,119-92-7673
N3ASAA,869-99-2555
N3ETAA,565-52-0291
N12142,174-78-6208
N174US,543-49-9075
N3KVAA,141-92-3014
N355NW,465-35-1033
N26545,753-97-8615
N882AS,811-28-8002
N824AS,748-06-0917
N432SW,632-92-1875
N477HA,307-08-1583
N720EV,710-53-4211
N660MQ,222-67-7316
N79521,411-84-4218
N37281,271-13-4837
N36476,172-43-9067
N4XKAA,538-94-3832
N832AS,150-36-5789
N918FR,683-43-0165
N509NK,234-33-7358
N583SW,243-33-2207
N593ML,818-37-9543
N77066,347-07-1092
N66837,543-99-8290
N17245,526-93-8433
N358JB,383-26-0277
N190JB,429-04-2583
N324JB,157-30-7732
N12967,604-58-8829
N849AS,276-66-0705
N407AS,645-41-6338
N3KUAA,576-69-8008
N171US,311-30-3528
N3HYAA,665-09-4988
N527AS,343-38-9684
N3730B,198-38-2443
N635NK,361-55-1524
N584UW,748-77-9685
N3LAAA,569-83-1325
N826DN,507-38-3004
N958DN,436-44-1931
N853AA,507-86-7135
N547US,616-47-7883
N3751B,418-46-5391
N651DL,539-92-3840
N309AS,150-36-5789
N3743H,113-31-3405
N78448,469-66-4346
N413AS,616-26-7996
N806DN,494-37-6520
N525NK,194-13-2381
N3GXAA,766-26-9562
N632NK,341-86-0960
N3CTAA,545-18-5761
N671DN,113-31-3405
N76517,436-42-0351
N457AS,246-66-9321
N528NK,508-41-4091
N571UW,213-14-5050
N3HRAA,805-74-4005
N629NK,865-04-9101
N3CGAA,277-27-2818
N431AS,757-32-5923
N320US,506-17-4648
N514NK,632-92-1875
N389HA,288-50-6583
N804AW,194-13-2381
N76519,433-96-2491
N464AS,585-34-8830
N607JB,725-79-9398
N633NK,486-76-0160
N606NK,859-53-1824
N3BDAA,494-32-5353
N514AS,201-43-2973
N630NK,886-50-9583
N597JB,318-90-2579
N172US,730-53-8012
N303AS,330-84-1831
N653JB,746-49-8285
N37293,226-97-5641
N239JB,897-01-2511
N627JB,750-93-9352
N307JB,801-44-4982
N621JB,483-55-6757
N317JB,784-83-6646
N646JB,374-94-8493
N197UW,692-10-8366
N607AS,588-24-8989
N492HA,748-77-9685
N701BR,458-65-6878
N476HA,582-34-0140
N423AS,433-73-4491
N484HA,298-99-1127
N30401,531-93-8802
N3CXAA,844-51-2614
N616NK,392-65-3641
N8982A,441-66-4669
N445SW,301-66-9038
N746SK,887-68-8428
N676AW,744-51-1704
N3ASAA,822-06-7943
N3ETAA,288-50-6583
N12142,497-10-5363
N174US,433-96-2491
N3KVAA,577-47-1862
N355NW,636-51-7433
N26545,418-46-5391
N882AS,877-86-8040
N824AS,730-53-8012
N432SW,718-57-1402
N477HA,332-68-4888
N720EV,103-58-4566
N660MQ,870-55-4563
N79521,720-38-5912
N37281,400-42-9057
N36476,811-28-8002
N4XKAA,460-69-3409
N832AS,736-13-5518
N918FR,665-63-3378
N509NK,816-40-5759
N583SW,444-80-4532
N593ML,131-75-0345
N77066,843-10-5373
N66837,802-53-7486
N17245,316-79-9916
N358JB,849-20-1926
N190JB,863-80-6261
N324JB,692-01-0952
N12967,256-08-9207
N849AS,355-38-8834